brand,marktdeelnemer
HP,HP Nederland B.V.
Epson,Epson Europe B.V
Apple,Apple Benelux B.V.
Samsung,Samsung Electronics Benelux B.V.
Logitech,Logitech
Brother,Brother International (Nederland) BV
ASUS,Asus Holland B.V.
Canon,Canon Nederland N.V.
Hewlett Packard Enterprise,Hewlett Packard Enterprise (HPE)
PanzerGlass,PanzerGlass
Neomounts,Neomounts B.V.
TP-LINK,TP-Link Enterprises Netherlands B.V.
OKI,OKI EUROPE (Benelux)
Belkin,Belkin B.V.
Lenovo,Lenovo BV
Microsoft,Microsoft
Lexmark,Lexmark International Netherlands BV
Jabra,Jabra Hoofdkantoor NL | GN Audio Benelux B.V.
ACT,ACT Conenctivity B.V.
APC,APC
iiyama,iiyama international B.V
DELL,Dell B.V.
MSI,MSI Computer Europe B.V.
Trust,Trust International B.V.
Kensington,Kensington Gy B.V.
Kingston Technology,Kingston Technology GmbH
Logitech G,Logitech
Yealink,Yealink
Corsair,Corsair Memory B.V.
Xiaomi,Xiaomi Technology Netherlands B.V
Dicota,DICOTA GmbH
KYOCERA,KYOCERA Document Solutions Nederland
Targus,Targus B.V.
Xerox,Xerox (Nederland) B.V.
Eaton,Eaton Industries Netherlands BV
Netgear,NETGEAR Netherlands B.V.
LG,LG Electronics Benelux B.V.
Dbramante1928,dbramante1928
T'nB,TNB Group B.V.
Hikvision Digital Technology,Hikvision Europe B.V.
Zyxel,ZyXEL Communications B.V.
Acer,Acer Computer BV
Google,"Google, Amsterdam"
Synology,Synology GmbH
Teltonika,Teltonika
CLUB3D,Club 3D B.V.
Garmin,Garmin Nederland B.V.
Omada,TP-Link Enterprises Netherlands B.V.
Transcend,Transcend Information
Mobilis,HQ of Mobilis Development & Mobilis France
Ubiquiti Networks,Ubiquiti - Europe
Western Digital,Western Digital Netherlands B.V.
DYMO,DYMO Corporation
Huawei,Huawei Technologies Netherlands B.V.
Sony,Sony Benelux
Sandisk,SanDisk
Gembird,Gembird Europe B.V.
Imou,Imou Network Technology B.V.
Wacom,Wacom Europe GmbH
Mitel,Mitel
Optoma,Optoma Benelux B.V.
BakkerElkhuizen,BakkerElkhuizen
Lexip,Lexip
Epos,EPOS
Honor,Honor Technologies Germany GmbH
Anker,Anker Innovations
Viewsonic,ViewSonic Benelux
Oppo,OPPO Nederland
OnePlus,Oneplus
Nothing,Nothing Technology B.V.
Ergotron,Ergotron
Lancom Systems,LANCOM Systems
Soundcore,Anker Innovations
Edifier,Edifier
Benq,BenQ Benelux B.V.
Intel,Intel Benelux B.V.
Pocketbook,PocketBook International
Seagate,Seagate Technology (Netherlands) B.V.
NEXT UPS Systems,NEXT UPS Systems BV
Gigaset,Gigaset Technologies GmbH
SonicWall,SonicWall GmbH
3M,3M PL Superhub
ZENS,Zens
LaCie,LaCie
Alienware,Dell B.V.
AOC,AOC International (Europe) B.V.
Contour Design,Contour Design
POCO,Xiaomi Technology Netherlands B.V
i-tec,Itec B.V.
Sharp,Sharp Electronics Benelux B.V.
EIZO,EIZO Europe GmbH Nederland
Fractal Design,Fractal Design
Unify,Unify
Snom,Snom Technology GmbH
Doro,Doro AB
WatchGuard,WatchGuard
AMD,AMD Nederland
Aten,ATEN Infotech NV - ATEN Belgium
Asustor,ASUSTOR B.V.
D-Link,D-Link Benelux
Ricoh,Ricoh Nederland
KlikAanKlikUit,KlikAanKlikUit
Playseat,Playseat B.V.
Man & Machine,Man & Machine Europe
Razer,Razer (Europe) GmbH
AG Neovo,AG Neovo Technology B.V.
QNAP,QNAP GmbH
TCL,TCL Electronics Europe
VIVO,VIVO MOBILE COMMUNICATION IBERIA S.L.
i-PRO,I-PRO
Fujitsu,Fujitsu Nederland
HTC,HTC International
eSTAR,eSTAR
Mophie,ZAGG International
Panduit,Panduit Ecw B.V.
Ultimate Ears,Logitech
Rackmount.IT,Rackmount.IT
Archos,Archos
NEC,NEC Deutschland GmbH
Nokia,Nokia Nederland
Konix,Konix Interactive
ZAGG,ZAGG International
Vogel's,Vogel's Products B.V.
Arozzi,Arozzi Europe Ab
ASTRO Gaming,Logitech
CHERRY,Cherry Europe GmbH
Panda,Panda security
Alcatel-Lucent,Alcatel Lucent Nederland
3Dconnexion,3Dconnexion GmbH
AllThingsTalk,AllThingsTalk NV
Check Point Software Technologies,Check Point Software Technologies B V
Legrand,Legrand Nederland B.V.
Matrox,Matrox Video GmbH
RugGear,RugGear GmbH
OtterBox,OtterBox
Sennheiser,Sennheiser Nederland BV
Adobe,Adobe Systems Benelux B.V.
Eve Systems,Eve Systems GmbH
